Release_date,Build_number,Knowledge_base
2023-07-11,19045.3208,KB5028166
2023-07-11,19044.3208,KB5028166
2023-07-11,17763.4645,KB5028168
2023-07-11,14393.6085,KB5028169
2023-07-11,10240.20048,KB5028186
2023-06-27,19045.3155 (Preview),KB5027293
2023-06-23,19045.3154 (Preview),KB5027293
2023-06-13,19045.3086,KB5027215
2023-06-13,19044.3086,KB5027215
2023-06-13,17763.4499,KB5027222
2023-06-13,14393.5989,KB5027219
2023-06-13,10240.19984,KB5027230 
2023-05-23,19045.3031,KB5026435
2023-05-11,19045.3030,KB5026435
2023-05-09,19045.2965,KB5026361
2023-05-09,19044.2965,KB5026361
2023-05-09,19042.2965,KB5026361
2023-05-09,17763.4377,KB5026362
2023-05-09,14393.5921,KB5026363
2023-05-09,10240.19926,KB5026382
2023-04-25,19045.2913 (Preview),KB5025297
2023-04-13,19045.2908 (Preview),KB5025297
2023-04-13,19044.2908 (Preview),KB5025297
2023-04-13,19042.2908 (Preview) ,KB5025297
2023-04-11,19045.2846,KB5025221
2023-04-11,19044.2846,KB5025221
2023-04-11,19042.2846,KB5025221
2023-04-11,17763.4252,KB5025229
2023-04-11,14393.5850,KB5025228
2023-04-11,10240.19869,KB5025234
2023-03-17,19045.2787 (Preview),KB5023773
2023-03-14,19045.2728,KB5023696
2023-03-14,19044.2728,KB5023696
2023-03-14,19042.2728,KB5023696
2023-03-14,17763.4113,KB5023702
2023-03-14,14393.5786,KB5023697
2023-03-14,10240.19805,KB5023713
2023-02-21,19045.2673 (Preview),KB5022906
2023-02-21,19044.2673 (Preview),KB5022906
2023-02-21,19042.2673 (Preview),KB5022906
2023-02-17,19045.2670 (Preview),KB5022906
2023-02-14,19045.2604,KB5022834
2023-02-14,19044.2604,KB5022834
2023-02-14,19042.2604,KB5022834
2023-02-14,17763.4010,KB5022840
2023-02-14,14393.5717,KB5022838
2023-02-14,10240.19747,KB5022858
2023-01-19,19045.2546 (Preview),KB5019275
2023-01-19,19044.2546 (Preview),KB5019275
2023-01-19,19042.2546 (Preview),KB5019275
2023-01-10,19045.2486,KB5022282
2023-01-10,19044.2486,KB5022282
2023-01-10,19043.22486,KB5022282
2023-01-10,19042.2486,KB5022282
2023-01-10,17763.3887,KB5022286
2023-01-10,14393.5648,KB5022289
2023-01-10,10240.19685,KB5022297
2022-12-13,19045.2364,KB5021233
2022-12-13,19044.2364,KB5021233
2022-12-13,19043.2364,KB5021233
2022-12-13,19042.2364,KB5021233
2022-12-13,17763.3770,KB5021237
2022-12-13,14393.5582,KB5021235
2022-12-13,10240.19624,KB5021243
2022-11-18,17763.3653 (Out-of-band),KB5021655
2022-11-18,14393.5502 (Out-of-band),KB5021654
2022-11-15,19045.2311 (Preview),KB5020030
2022-11-15,19044.2311 (Preview),KB5020030
2022-11-15,19043.2311 (Preview),KB5020030
2022-11-15,19042.2311 (Preview),KB5020030
2022-11-10,19045.2301 (Preview),KB5020030
2022-11-08,19045.2251,KB5019959
2022-11-08,19044.2251,KB5019959
2022-11-08,19043.2251,KB5019959
2022-11-08,19042.2251,KB5019959
2022-11-08,17763.3650,KB5019966
2022-11-08,14393.5501,KB5019964
2022-11-08,10240.19567,KB5019970
2022-10-25,19044.2193 (Preview),KB5018482
2022-10-25,19043.2193 (Preview),KB5018482
2022-10-25,19042.2193 (Preview),KB5018482
2022-10-18,19045.1865,KB5015878
2022-10-17,19044.2132 (Out-of-band),KB5020435
2022-10-17,19043.2132 (Out-of-band),KB5020435
2022-10-17,19042.2132 (Out-of-band),KB5020435
2022-10-11,19044.2130,KB5018410
2022-10-11,19043.2130,KB5018410
2022-10-11,19042.2130,KB5018410
2022-10-11,17763.3532,KB5018419
2022-10-11,14393.5427,KB5018411
2022-10-11,10240.19507,KB5018425
2022-09-20,17763.3469 (Preview),KB5017379
2022-09-19,19044.2075 (Preview),KB5017380
2022-09-13,19044.2006,KB5017308
2022-09-13,19043.2006,KB5017308
2022-09-13,19042.2006,KB5017308
2022-09-13,17763.3406,KB5017315
2022-09-13,14393.5356,KB5017305
2022-09-13,10240.19444,KB5017327
2022-08-23,17763.3346 (Preview),KB5016690
2022-08-15,19044.1947 (Preview),KB5016688
2022-08-09,19044.1889,KB5016616
2022-08-09,19043.1889,KB5016616
2022-08-09,19042.1826,KB5016616
2022-08-09,17763.3287,KB5016623
2022-08-09,14393.5291,KB5016622
2022-08-09,10240.19387,KB5016639
2022-07-26,19044.1865 (Preview),KB5015878
2022-07-21,17763.3232 (Preview),KB5015880
2022-07-19,19044.1862 (Preview),KB5015878
2022-07-12,19044.1826,KB5015807
2022-07-12,19043.1826,KB5015807
2022-07-12,19042.1826,KB5015807
2022-07-12,17763.3165,KB5015811
2022-07-12,14393.5246,KB5015808
2022-07-12,10240.1936,KB5015832
2022-06-27,19044.1806 (Release Preview),KB5014666
2022-06-21,19044.1767 (Out-of-band),KB5016139
2022-06-21,19043.1767 (Out-of-band),KB5016139
2022-06-21,19042.1767 (Out-of-band),KB5016139
2022-06-14,19044.1766,KB5014699
2022-06-14,19043.1766,KB5014699
2022-06-14,19042.1766,KB5014699
2022-06-14,17763.3046,KB5014692
2022-06-14,14393.5192,KB5014702
2022-06-14,10240.19325,KB5014710
2022-06-02,19044.1741 (Release Preview),KB5014023
2022-05-23,19044.1739 (Release Preview),KB5014023
2022-05-19,19044.1708,KB5015020
2022-05-19,19043.1708,KB5015020
2022-05-19,19042.1708,KB5015020
2022-05-19,17763.2931,KB5015018
2022-05-19,14393.5127,KB5015019
2022-05-10,19044.1706,KB5013942
2022-05-10,19043.1706,KB5013942
2022-05-10,19042.1706,KB5013942
2022-05-10,18363.2274,KB5013945
2022-05-10,17763.2928,KB5013941
2022-05-10,14393.5125,KB5013952
2022-05-10,10240.19297,KB5013963
2022-04-26,19044.1682 (Preview),KB5011831
2022-04-14,19044.1679 (Release Preview),KB5011831
2022-04-12,19044.1645,KB5012599
2022-04-12,19043.1645,KB5012599
2022-04-12,19042.1645,KB5012599
2022-04-12,18363.2212,KB5012591
2022-04-12,17763.2803,KB5012647
2022-04-12,14393.5066,KB5012596
2022-03-22,19044.1620 (Preview),KB5011543
2022-03-22,19043.162,KB5011543
2022-03-22,19042.162,KB5011543
2022-03-22,17763.2746 (Preview),KB5011551
2022-03-14,19044.1618 (Release Preview),KB5011543
2022-03-08,19044.1586,KB5011487
2022-03-08,19043.1586,KB5011487
2022-03-08,19042.1586,KB5011487
2022-03-08,18363.2158,KB5011485
2022-03-08,17763.2686,KB5011503
2022-03-08,14393.5006,KB5011495
2022-03-08,10240.19235,KB5011491
2022-02-15,19044.1566 (Preview),KB5010415
2022-02-15,19043.1566 (Preview),KB5010415
2022-02-15,19042.1566 (Preview),KB5010415
2022-02-08,19044.1526,KB5010342
2022-02-08,19043.1526,KB5010342
2022-02-08,19042.1526,KB5010342
2022-02-08,18363.2094,KB5010345
2022-02-08,17763.2565,KB5010351
2022-02-08,14393.4946,KB5010359
2022-02-08,10240.19204,KB5010358
2022-01-25,19044.1503 (Preview),KB5009596
2022-01-25,19043.1503 (Preview),KB5009596
2022-01-25,19042.1503 (Preview),KB5009596
2022-01-17,19044.1469 (Out-of-band),KB5010796
2022-01-17,19043.1469 (Out-of-band),KB5010796
2022-01-17,19042.1469 (Out-of-band),KB5010796
2022-01-17,18363.2039 (Out-of-band),KB5010792
2022-01-17,14393.4889 (Out-of-band),KB5010790
2022-01-17,10240.19179 (Out-of-band),KB5010789
2022-01-11,19044.1466,KB5009543
2022-01-11,19043.1466,KB5009543
2022-01-11,19042.1466,KB5008212
2022-01-11,18363.2037,KB5009545
2022-01-11,17763.2452,KB5009557
2022-01-11,14393.4886,KB5009546
2022-01-11,10240.19177,KB5009585
2021-12-15,19041.1415,KB5008212
2021-12-14,19044.1415,KB5008212
2021-12-14,19043.1415,KB5008212
2021-12-14,19042.1415,KB5008212
2021-12-14,18363.1977,KB5008206
2021-12-14,17763.2366,KB5008218
2021-12-14,14393.4825,KB5008207
2021-12-14,10240.19145,KB5008230
2021-11-22,19044.1381 (Preview),KB5007253
2021-11-22,19043.1381 (Preview),KB5007253
2021-11-22,19042.1381 (Preview),KB5007253
2021-11-22,19041.1381 (Preview),KB5007253
2021-11-22,17763.2330 (Preview),KB5007266
2021-11-14,14393.4771,KB5008601
2021-11-09,19043.1348,KB5007186
2021-11-09,19042.1348,KB5007186
2021-11-09,19041.1348,KB5007186
2021-11-09,18363.1916,KB5007189
2021-11-09,17763.2300,KB5007206
2021-11-09,14393.477,KB5007192
2021-11-09,10240.19119,KB5007207
2021-10-26,19043.132,KB5006738 (Preview)
2021-10-26,19042.132,KB5006738 (Preview)
2021-10-26,19041.132,KB5006738 (Preview)
2021-10-12,19043.1288,KB5006670
2021-10-12,19042.1288,KB5006670
2021-10-12,19041.1288,KB5006670
2021-10-12,18363.1854,KB5006667
2021-10-12,17763.2237,KB5006672
2021-10-12,14393.4704,KB5006669
2021-10-12,10240.19086,KB5006675
2021-09-30,19043.1266,KB5005611 (Preview)
2021-09-30,19041.1266,KB5005611 (Preview)
2021-09-21,18363.1830,KB5005624 (Preview)
2021-09-21,17763.2210,KB5005625 (Preview)
2021-09-14,19043.1237,KB5005565
2021-09-14,19042.1237,KB5005565
2021-09-14,19041.1237,KB5005565
2021-09-14,18363.1801,KB5005566
2021-09-14,17763.2183,KB5005568
2021-09-14,14393.4651,KB5005573
2021-09-14,10240.1906,KB5005569
2021-09-13,19042.1266,KB5005611 (Preview)
2021-09-01,19043.1202,KB5005101 (Preview)
2021-09-01,19042.1202,KB5005101 (Preview)
2021-09-01,19041.1202,KB5005101 (Preview)
2021-08-10,19043.1165,KB5005033
2021-08-10,19042.1165,KB5005033
2021-08-10,19041.1165,KB5005033
2021-08-10,18363.1734,KB5005031
2021-08-10,17763.2114,KB5005030
2021-08-10,14393.4583,KB5005043
2021-08-10,10240.19022,KB5005040
2021-07-13,19043.1110,KB5004237
2021-07-13,19042.1110,KB5004237
2021-07-13,19041.1110,KB5004237
2021-07-07,19043.1083,KB5004945
2021-07-07,19042.1083,KB5004945
2021-07-07,19041.1083,KB5004945
2021-07-07,18363.1646,KB5004946
2021-07-07,17763.2029,KB5004947
2021-07-01,19043.1082,KB5004760
2021-07-01,19042.1082,KB5004760
2021-07-01,19041.1082,KB5004760
2021-06-21,19043.1081 (Preview),KB5003690
2021-06-21,19042.1081 (Preview),KB5003690
2021-06-21,19041.1081,KB5003690 (Preview)
2021-06-14,19043.1055,KB5004476
2021-06-14,19042.1055,KB5004476
2021-06-14,19041.1055,KB5004476
2021-06-13,10240.19003,KB5004249
2021-06-08,19043.1052,KB5003637
2021-06-08,19042.1052,KB5003637
2021-06-08,19041.1052,KB5003637
2021-06-08,18363.1621,KB5003635
2021-06-08,17763.1999,KB5003646
2021-06-08,14393.4467,KB5003638
2021-06-08,10240.18967,KB5003687
2021-05-25,19043.1023,KB5003214 (Preview)
2021-05-25,19042.1023,KB5003214 (Preview)
2021-05-20,19041.1023,KB5003214
2021-05-20,18363.1593,KB5003212
2021-05-20,17763.1971,KB5003217
2021-05-11,19043.985,KB5003173
2021-05-11,19042.985,KB5003173
2021-05-11,19041.985,KB5003173
2021-05-11,18363.1556,KB5003169
2021-05-11,17763.1935,KB5003171
2021-05-11,17134.2208,KB5003174
2021-05-11,14393.4402,KB5003197
2021-05-11,10240.18932,KB5003172
2021-04-30,19042.964,KB5001391 (Preview)
2021-04-30,19041.964,KB5001391
2021-04-22,18363.1533 (Preview),KB5001396
2021-04-22,17763.1911 (Preview),KB5001384
2021-04-13,19042.928,KB5001330
2021-04-13,19041.928,KB5001330
2021-04-13,18363.1500,KB5001337
2021-04-13,17763.1879,KB5001342
2021-04-13,17134.2145,KB5001339
2021-04-13,14393.435,KB5001347
2021-04-13,10240.18906,KB5001340
2021-03-30,19042.906,KB5000842 (Preview)
2021-03-30,19041.906,KB5000842 (Preview)
2021-03-26,17763.1852 (Preview),KB5001638
2021-03-25,18363.1474 (Preview),KB5000850
2021-03-18,19042.87,KB5001649
2021-03-18,19041.87,KB5001649
2021-03-18,18363.1443,KB5001648
2021-03-18,17763.1823,KB5001638
2021-03-18,17134.209,KB5001634
2021-03-18,14393.4288,KB5001633
2021-03-18,10240.18875,KB5001631
2021-03-15,19042.868,KB5001567
2021-03-15,19041.868,KB5001567
2021-03-15,18363.1441,KB5001566
2021-03-15,17763.1821,KB5001568
2021-03-15,17134.2088,KB5001565
2021-03-09,19042.867,KB5000802
2021-03-09,19041.867,KB5000802
2021-03-09,18363.1440,KB5000808
2021-03-09,17763.1817,KB5000822
2021-03-09,17134.2087,KB5000809
2021-03-09,15063.2679,KB5000812
2021-03-09,14393.4283,KB5000803
2021-03-09,10240.18874,KB5000807
2021-02-25,19042.844,KB4601382 (Preview)
2021-02-25,19041.844,KB4601382 (Preview)
2021-02-16,18363.1411 (Preview),KB4601380
2021-02-16,17763.1790 (Preview),KB4601383
2021-02-09,19042.804,KB4601319
2021-02-09,19041.804,KB4601319
2021-02-09,18363.1377,KB4601315
2021-02-09,17763.1757,KB4601345
2021-02-09,17134.2026,KB4601354
2021-02-09,15063.2642,KB4601330
2021-02-09,14393.4225,KB4601318
2021-02-09,10240.18842,KB4601331
2021-02-03,19042.789,KB4598291 (Preview)
2021-02-03,19041.789,KB4598291
2021-01-21,19042.782,KB4598291 (Preview)
2021-01-12,19042.746,KB4598242
2021-01-12,19041.746,KB4598242
2021-01-12,18363.1316,KB4598229
2021-01-12,17763.1697,KB4598230
2021-01-12,17134.1967,KB4598245
2021-01-12,15063.2614,KB4599208
2021-01-12,14393.4169,KB4598243
2020-12-08,19042.685,KB4592438
2020-12-08,19041.685,KB4592438
2020-12-08,18363.1256,KB4592449
2020-12-08,18362.1256,KB4592449
2020-12-08,17763.1637,KB4592440
2020-12-08,17134.1902,KB4592446
2020-12-08,15063.2584,KB4592473
2020-12-08,14393.4104,KB4593226
2020-12-08,10240.18782,KB4592464
2020-11-30,19041.662,KB4586853 (Preview)
2020-11-23,19042.662,KB4586853 (Preview)
2020-11-20,18362.1237,KB4586819 (Preview)
2020-11-19,19042.631,KB4594440
2020-11-19,19041.631,KB4594440
2020-11-19,18363.1237,KB4586819 (Preview)
2020-11-19,17763.1613,KB4586839 (Preview)
2020-11-19,14393.4048,KB4594441
2020-11-10,19042.63,KB4586781
2020-11-10,19041.63,KB4586781
2020-11-10,18363.1198,KB4586786
2020-11-10,18362.1198,KB4586786
2020-11-10,17763.1577,KB4586793
2020-11-10,17134.1845,KB4586785
2020-11-10,15063.2554,KB4586782
2020-11-10,14393.4046,KB4586830
2020-11-10,10240.18756,KB4586787
2020-10-29,19042.61,KB4580364 (Preview)
2020-10-29,19041.61,KB4580364 (Preview)
2020-10-22,18363.1171,KB4580386 (Preview)
2020-10-22,18362.1171,KB4580386 (Preview)
2020-10-22,17763.1554,KB4580390 (Preview)
2020-10-13,19041.572,KB4579311
2020-10-13,18363.1139,KB4577671
2020-10-13,18362.1139,KB4577671
2020-10-13,17763.1457,KB4577668
2020-10-13,17134.1792,KB4580330
2020-10-13,16299.2166,KB4580328
2020-10-13,15063.2525,KB4580370
2020-10-13,14393.3986,KB4580346
2020-10-13,10240.18725,KB4580327
2020-10-01,19041.546,KB4577063 (Preview)
2020-09-16,18363.1110,KB4577062 (Preview)
2020-09-16,18362.111,KB4577062 (Preview)
2020-09-16,17763.149,KB4577069 (Preview)
2020-09-08,19041.508,KB4571756
2020-09-08,18363.1082,KB4574727
2020-09-08,18362.1082,KB4574727
2020-09-08,17763.1457,KB4570333
2020-09-08,17134.1726,KB4577032
2020-09-08,16299.2107,KB4577041
2020-09-08,15063.25,KB4577021
2020-09-08,14393.393,KB4577015
2020-09-08,10240.18696,KB4577049
2020-09-03,19041.488,KB4571744 (Preview)
2020-08-11,19041.45,KB4566782
2020-08-11,18363.1016,KB4565351
2020-08-11,18362.1016,KB4565351
2020-08-11,17763.1397,KB4565349
2020-08-11,17134.1667,KB4571709
2020-08-11,16299.2045,KB4571741
2020-08-11,15063.2467,KB4571689
2020-08-11,14393.3866,KB4571694
2020-08-11,10240.18666,KB4571692
2020-07-31,19041.423,KB4568831 (Preview)
2020-07-21,18363.997,KB4559004 (Preview)
2020-07-21,18362.997,KB4559004 (Preview)
2020-07-21,17763.1369,KB4559003 (Preview)
2020-07-14,19041.388,KB4565503
2020-07-14,18363.959,KB4565483
2020-07-14,18362.959,KB4565483
2020-07-14,17763.1339,KB4558998
2020-07-14,17134.161,KB4565489
2020-07-14,16299.1992,KB4565508
2020-07-14,15063.2439,KB4565499
2020-07-14,14393.3808,KB4565511
2020-07-14,10240.18638,KB4565513
2020-06-18,19041.331,KB4567523
2020-06-18,16299.1937,KB4567515
2020-06-18,15063.2411,KB4567516
2020-06-18,14393.3755,KB4567517
2020-06-18,10240.18609,KB4567518
2020-06-16,18363.904,KB4567512
2020-06-16,18362.904,KB4567512
2020-06-16,17763.1294,KB4567513
2020-06-16,17134.1553,KB4567514
2020-06-09,19041.329,KB4557957
2020-06-09,18363.900,KB4560960
2020-06-09,18362.9,KB4557957
2020-06-09,17763.1282,KB4561608
2020-06-09,17134.155,KB4561621
2020-06-09,16299.1932,KB4561602
2020-06-09,15063.2409,KB4561605
2020-06-09,14393.375,KB4561616
2020-06-09,10240.18608,KB4561649
2020-05-12,18363.836,KB4556799
2020-05-12,18362.836,KB4556799
2020-05-12,17763.1217,KB4551853
2020-05-12,17134.1488,KB4556807
2020-05-12,16299.1868,KB4556812
2020-05-12,15063.2375,KB4556804
2020-05-12,14393.3686,KB4556813
2020-05-12,10240.18575,KB4556826
2020-04-21,18363.815,KB4550945
2020-04-21,18362.815,KB4550945
2020-04-21,17763.1192,KB4550969
2020-04-21,17134.1456,KB4550944
2020-04-14,18363.778,KB4549951
2020-04-14,18362.778,KB4549951
2020-04-14,17763.1158,KB4549949
2020-04-14,17134.1425,KB4550922
2020-04-14,16299.1806,KB4550927
2020-04-14,15063.2346,KB4550939
2020-04-14,14393.363,KB4550929
2020-03-31,18363.753,KB4554364 (Optional)
2020-03-31,18362.753,KB4554364
2020-03-31,17763.1132,KB4554354 (Optional)
2020-03-31,17134.1401,KB4554349 (Optional)
2020-03-31,16299.1776,KB4554342 (Optional)
2020-03-24,18363.752,KB4541335
2020-03-24,18362.752,KB4541335
2020-03-18,17763.1131,KB4541331
2020-03-18,17134.1399,KB4541333
2020-03-18,17134.1399,KB4541333
2020-03-18,16299.1775,KB4541330
2020-03-12,18363.72,KB4551762
2020-03-12,18362.72,KB4551762
2020-03-10,18363.719,KB4540673
2020-03-10,18362.719,KB4540673
2020-03-10,17763.1098,KB4538461
2020-03-10,17134.1355,KB4540689
2020-03-10,16299.1747,KB4540681
2020-03-10,15063.2313,KB4540705
2020-03-10,14393.3564,KB4540670
2020-03-10,10240.18519,KB4540693
2020-02-28,18362.693,KB4535996
2020-02-27,18363.693,KB4535996
2020-02-25,17763.1075,KB4532693
2020-02-25,17134.1345,KB4537795
2020-02-25,16299.1717,KB4537816
2020-02-25,14393.3542,KB4537806
2020-02-11,18363.657,KB4532693
2020-02-11,18362.657,KB4532693
2020-02-11,17763.1039,KB4532691
2020-02-11,17134.1304,KB4537762
2020-02-11,16299.1686,KB4537789
2020-02-11,15063.2284,KB4537765
2020-02-11,14393.3504,KB4537764
2020-02-11,10240.18486,KB4537776
2020-01-28,18363.628,KB4532695
2020-01-28,18362.628,KB4532695
2020-01-24,17763.1012,KB4534321
2020-01-24,17134.1276,KB4534308
2020-01-24,16299.1654,KB4534318
2020-01-24,14393.3474,KB4534307
2020-01-14,18363.592,KB4528760
2020-01-14,18362.592,KB4528760
2020-01-14,17763.973,KB4534273
2020-01-14,17134.1246,KB4534293
2020-01-14,16299.1625,KB4534276
2020-01-14,15063.2254,KB4534296
2020-01-14,14393.3443,KB4534271
2020-01-14,10240.18453,KB4534306
2019-12-10,18363.535,KB4530684
2019-12-10,18362.535,KB4530684
2019-12-10,17763.914,KB4530715
2019-12-10,17134.1184,KB4530717
2019-12-10,16299.1565,KB4530714
2019-12-10,15063.2224,KB4530711
2019-12-10,14393.3384,KB4530689
2019-12-10,10240.18427,KB4530681
2019-11-12,18363.476,KB4524570
2019-11-12,18362.476,KB4524570
2019-11-12,17763.864,KB4523205
2019-11-12,17134.113,KB4525237
2019-11-12,16299.1508,KB4525241
2019-11-12,15063.2172,KB4525245
2019-11-12,14393.3326,KB4525236
2019-10-24,18363.449,"KB4522355 (Release Preview, Re-release)"
2019-10-24,18362.449,KB4522355 (Re-release)
2019-10-22,18363.448,"KB4522355 (Release Preview, Re-release)"
2019-10-18,18363.446,KB4522355 (Release Preview)
2019-10-18,18362.446,KB4522355
2019-10-15,17763.832,KB4520062
2019-10-15,17134.1099,KB4519978
2019-10-15,16299.1481,KB4520006
2019-10-15,14393.33,KB4519979
2019-10-08,18363.418,KB4517389 (Release Preview)
2019-10-08,18362.418,KB4517389
2019-10-08,17763.806,KB4519338
2019-10-08,17134.1069,KB4524149
2019-10-08,16299.1451,KB4520004
2019-10-08,15063.2108,KB4520010
2019-10-08,14393.3274,KB4519998
2019-10-08,10240.18368,KB4520011
2019-10-03,18362.388,KB4524147
2019-10-03,17763.775,KB4524148
2019-10-03,17134.104,KB4524149
2019-10-03,16299.1421,KB4524150
2019-10-03,15063.2079,KB4524151
2019-10-03,14393.3243,KB4524152
2019-10-03,10240.18335,KB4524153
2019-09-26,18362.387,KB4517211
2019-09-24,17763.774,KB4516077
2019-09-24,17134.1039,KB4516045
2019-09-24,16299.142,KB4516071
2019-09-24,14393.3242,KB4516061
2019-09-23,18362.357,KB4522016
2019-09-23,17763.74,KB4522015
2019-09-23,17134.1009,KB4522014
2019-09-23,16299.1392,KB4522012
2019-09-23,15063.2046,KB4522011
2019-09-23,14393.3206,KB4522010
2019-09-23,10240.18334,KB4522009
2019-09-10,18362.356,KB4515384
2019-09-10,17763.72,KB4512578
2019-09-10,17134.1006,KB4516058
2019-09-10,16299.1387,KB4516066
2019-09-10,15063.2045,KB4516068
2019-09-10,14393.3204,KB4516044
2019-09-10,10240.18333,KB4516070
2019-08-30,18362.329,KB4512941
2019-08-19,17134.984,KB4512509
2019-08-17,17763.72,KB4512534
2019-08-17,16299.1331,KB4512494
2019-08-17,15063.2021,KB4512474
2019-08-17,14393.3181,KB4512495
2019-08-17,10240.18308,KB4517276
2019-08-13,18362.295,KB4512508
2019-08-13,17763.678,KB4511553
2019-08-13,17134.95,KB4512501
2019-08-13,16299.1331,KB4512516
2019-08-13,15063.1988,KB4512507
2019-08-13,14393.3144,KB4512517
2019-08-13,10240.18305,KB4512497
2019-07-27,18362.267,KB4505903
2019-07-23,17763.652,KB4505658
2019-07-16,17134.915,KB4507466
2019-07-16,15063.1955,KB4507467
2019-07-16,14393.3115,KB4507459
2019-07-09,18362.239,KB4507453
2019-07-09,17763.615,KB4507469
2019-07-09,17134.885,KB4507435
2019-07-09,16299.1268,KB4507455
2019-07-09,15063.1928,KB4507450
2019-07-09,14393.3085,KB4507460
2019-07-09,10240.18275,KB4507458
2019-06-27,18362.207,KB4501375
2019-06-18,17763.592,KB4501371
2019-06-18,17134.858,KB4503288
2019-06-18,16299.1237,KB4503281
2019-06-18,15063.1897,KB4503289
2019-06-18,14393.3053,KB4503294
2019-06-11,18362.175,KB4503293
2019-06-11,17763.557,KB4503327
2019-06-11,17134.829,KB4503286
2019-06-11,16299.1217,KB4503286
2019-06-11,15063.1868,KB4503279
2019-06-11,14393.3025,KB4503267
2019-06-11,10240.18244,KB4503291
2019-05-28,16299.1182,KB4499147
2019-05-28,15063.1839,KB4499162
2019-05-24,18362.145,KB4497935
2019-05-24,14393.2999,KB4499177
2019-05-21,17763.529,KB4497934
2019-05-21,17134.799,KB4499183
2019-05-19,18362.116,KB4505057 (Insider-only)
2019-05-19,17763.504,KB4505056
2019-05-19,17134.766,KB4505064
2019-05-19,16299.115,KB4505062
2019-05-19,15063.1808,KB4505055
2019-05-19,14393.2972,KB4505052
2019-05-19,10240.18218,KB4505051
2019-05-14,18362.113,KB4497936 (Insider-only)
2019-05-14,17763.503,KB4494441
2019-05-14,17134.765,KB4499167
2019-05-14,16299.1146,KB4499179
2019-05-14,15063.1805,KB4499181
2019-05-14,14393.2969,KB4494440
2019-05-14,10240.18215,KB4499154
2019-05-01,17763.439,KB4501835
2019-04-26,18362.86,KB4497093 (Insider-only)
2019-04-26,17134.753,KB4493437
2019-04-26,16299.1127,KB4493440
2019-04-26,15063.1784,KB4493436
2019-04-26,14393.2941,KB4493473
2019-04-26,10240.18187,KB4498375
2019-04-09,18362.53,KB4495666 (Insider-only)
2019-04-09,17763.437,KB4493509
2019-04-09,17134.706,KB4493464
2019-04-09,16299.1087,KB4495357
2019-04-09,15254.562,KB4493441
2019-04-09,15063.1747,KB4493474
2019-04-09,14393.2906,KB4493470
2019-04-09,10240.18186,KB4493475
2019-04-02,17763.404,KB4490481
2019-03-19,17134.677,KB4489894
2019-03-19,16299.1059,KB4489890
2019-03-19,15063.1716,KB4489888
2019-03-19,14393.2879,KB4489889
2019-03-12,17763.379,KB4489899
2019-03-12,17134.648,KB4489868
2019-03-12,16299.1029,KB4489886
2019-03-12,15063.1689,KB4489871
2019-03-12,14393.2848,KB4489882
2019-03-12,10240.18158,KB4489872
2019-03-01,17763.348,KB4482887
2019-02-21,10240.18135,KB4491101
2019-02-19,17134.619,KB4486996
2019-02-19,16299.1004,KB4487021
2019-02-19,15063.1659,KB4487011
2019-02-19,14393.2828,KB4487006
2019-02-12,17763.316,KB4487044
2019-02-12,17134.59,KB4487017
2019-02-12,16299.967,KB4486996
2019-02-12,15063.1631,KB4487020
2019-02-12,14393.2791,KB4487026
2019-02-12,10240.18132,KB4487018
2019-01-22,17763.292,KB44476976
2019-01-15,17134.556,KB4480976
2019-01-15,16299.936,KB4480967
2019-01-15,15063.1596,KB4480959
2019-01-08,17763.253,KB4480116
2019-01-08,17134.523,KB4480966
2019-01-08,16299.904,KB4480978
2019-01-08,15063.1563,KB4480973
2019-01-08,14393.2724,KB4480961
2019-01-08,10240.18094,KB4480962
2018-12-11,17763.194,KB4471332
2018-12-11,17134.471,KB4471324
2018-12-11,16299.846,KB4471329
2018-12-11,15063.1506,KB4471327
2018-12-11,14393.2665,KB4471321
2018-12-11,10240.18063,KB4471323
2018-12-05,17763.168,KB4469342
2018-12-03,14393.2641,KB4478877
2018-11-27,17763.167,KB4467682 (Insider-only)
2018-11-27,17134.441,KB4467682
2018-11-27,16299.82,KB4467681
2018-11-27,15063.1478,KB4467699
2018-11-13,17763.134,KB4467708
2018-11-13,17134.407,KB4467702
2018-11-13,16299.785,KB4467686
2018-11-13,15063.1446,KB4467696
2018-11-13,14393.2608,KB4467691
2018-11-13,10240.18036,KB4467680
2018-10-24,17134.376,KB4462933
2018-10-18,16299.755,KB4462932
2018-10-18,15063.1418,KB4462939
2018-10-18,14393.258,KB4462928
2018-10-09,17763.55,KB4464330
2018-10-09,17134.345,KB4462919
2018-10-09,16299.726,KB4462918
2018-10-09,15254.538,KB4464853
2018-10-09,15063.1387,KB4462937
2018-10-09,14393.2551,KB4462917
2018-09-26,17134.32,KB4458469 (Re-release)
2018-09-26,16299.699,KB4457136 (Re-release)
2018-09-20,17134.319,KB4458469
2018-09-20,16299.697,KB4457136
2018-09-20,15063.1358,KB4457141
2018-09-20,14393.2517,KB4457127
2018-09-17,17134.286,KB4464218
2018-09-17,16299.666,KB4464217
2018-09-11,17134.285,KB4457128
2018-09-11,16299.665,KB4457142
2018-09-11,15063.1324,KB4457138
2018-09-11,15254.53,KB4459082
2018-09-11,14393.2485,KB4457131
2018-08-30,17134.254,KB4346783
2018-08-30,16299.637,KB4343893
2018-08-30,15063.1292,KB4343889
2018-08-30,14393.2457,KB4343884
2018-08-14,17134.228,KB4343909
2018-08-14,16299.611,KB4343897
2018-08-14,15063.1266,KB4343885
2018-08-14,14393.243,KB4343887
2018-08-14,10240.17946,KB4343892
2018-07-24,17134.191,KB4340917
2018-07-24,16299.559,KB4338817
2018-07-24,15063.1235,KB4338827
2018-07-17,16299.55,KB4345420
2018-07-16,17134.166,KB4345421
2018-07-16,15063.1208,KB4345419
2018-07-10,17134.165,KB4338819
2018-07-10,16299.547,KB4338825
2018-07-10,15063.1206,KB4338826
2018-07-10,14393.2363,KB4338814
2018-07-10,10240.17914,KB4338829
2018-06-26,17134.137,KB4294848
2018-06-21,16299.522,KB4284822
2018-06-21,15063.1182,KB4284830
2018-06-21,14393.2339,KB4284833
2018-06-13,15063.1155,KB4284874
2018-06-12,17134.112,KB4284835
2018-06-12,16299.492,KB4284819
2018-06-12,14393.2312,KB4284880
2018-06-05,17134.83,KB4338548
2018-05-24,17134.81,KB4100403
2018-05-21,16299.461,KB4103714
2018-05-17,15063.1112,KB4103722
2018-05-17,14393.2273,KB4103722
2018-05-08,17134.48,KB4103721
2018-05-08,16299.431,KB4103727
2018-05-08,15063.1088,KB4103731
2018-05-08,14393.2248,KB4103723
2018-04-27,17134.5,KB4135051
2018-04-23,16299.402,KB4093105
2018-04-18,15063.1058,KB4093117
2018-04-18,14393.2214,KB4093120
2018-04-10,17133.73,KB4100375
2018-04-10,16299.371,KB4093112
2018-04-10,15063.1029,KB4093107
2018-04-10,14393.2189,KB4093119
2018-04-10,10586.154,KB4093109
2018-04-10,10240.17831,KB4093111
2018-03-22,16299.334,KB4089848
2018-03-22,15063.997,KB4088891
2018-03-22,14393.2125,KB4088889
2018-03-20,14393.2126,KB4088787
2018-03-15,15254.313,KB4090912
2018-03-13,16299.309,KB4088776
2018-03-13,15063.968,KB4088782
2018-03-13,15063.966,KB4088782
2018-03-13,14393.2125,KB4088787
2018-03-13,10586.1478,KB4088779
2018-03-13,10240.17797,KB4088786
2018-03-08,15063.936,KB4092077
2018-03-05,16299.251,KB4090913
2018-02-14,15254.248,KB4077675
2018-02-13,16299.248,KB4074588
2018-02-13,15063.877,KB4074592
2018-02-13,14393.2034,KB4074590
2018-02-13,10586.1417,KB4074591
2018-02-13,10240.1777,KB4074596
2018-01-31,16299.214,KB4058258
2018-01-18,16299.201,KB4073291
2018-01-17,15063.877,KB4057144
2018-01-17,14393.2034,KB4057142
2018-01-05,16299.192,KB4073117
2018-01-03,16299.192,KB4056892
2018-01-03,15063.85,KB4056891
2018-01-03,14393.2007,KB4056890
2018-01-03,10586.1356,KB4056888
2018-01-03,10240.17738,KB4056893
2017-12-12,15254.124,KB4056342
2017-12-12,16299.125,KB4054517
2017-12-12,15063.786,KB4053580
2017-12-12,14393.1944,KB4053579
2017-12-12,10586.1295,KB4053578
2017-12-12,10240.17709,KB4053581
2017-11-30,16299.98,KB4051963
2017-11-28,14393.1914,KB4051033
2017-11-14,15254.12,KB4052314
2017-11-14,16299.64,KB4048955
2017-11-14,15063.726,KB4048954
2017-11-14,14393.1913,KB4051033
2017-11-14,10586.1232,KB4048952
2017-11-14,10240.17673,KB4048956
2017-11-02,15063.675,KB4049370
2017-11-02,14393.1797,KB4052231
2017-11-02,10586.1177,KB4052232
2017-10-18,14393.1794,KB4041688
2017-10-13,16299.19,KB4043961
2017-10-10,15063.674,KB4041676
2017-10-10,10586.1176,KB4041689
2017-10-03,16299.15,NA
2017-09-26,15063.632,KB4040724
2017-09-26,14393.1737,KB4038801
2017-09-12,15063.608,KB4038788
2017-09-12,14393.1715,KB4038782
2017-09-12,10586.1106,KB4038783
2017-09-12,10240.17609,KB4038781
2017-08-28,14393.167,KB4039396
2017-08-08,15063.54,KB4034674
2017-08-08,14393.1593,KB4034658
2017-08-08,10586.1045,KB4034660
2017-08-08,10240.17533,KB4034668
2017-08-02,15063.502,KB4032188
2017-07-11,14393.148,KB4025339
2017-07-11,10586.1007,KB4025344
2017-07-11,10240.17488,KB4025338
2017-07-06,15063.448,KB4034450
2017-06-27,15063.447,KB4022716
2017-06-27,14393.1378,KB4022723
2017-06-27,10586.965,KB4032693
2017-06-27,10240.17446,KB4032695
2017-06-13,15063.414,KB4022725
2017-06-13,15063.413,KB4022725
2017-06-13,14393.1358,KB4022715
2017-06-13,10586.962,KB40227714
2017-06-13,10240.17443,KB4022727
2017-05-25,15063.332,KB4020102
2017-05-09,15063.296,KB4016871
2017-05-09,15063.297,KB4016871
2017-05-09,14393.1198,KB4019472
2017-05-09,10586.916,KB4019473
2017-05-09,10240.17394,KB4019474
2017-04-25,15063.25,KB4016240
2017-04-11,15063.138,KB4015583
2017-04-11,14393.1066,KB4015217
2017-04-11,14393.1083,KB4015217
2017-04-11,10586.873,KB4015219
2017-04-11,10240.17354,KB4015221
2017-04-06,15063.13,KB4016251
2017-04-03,15063.14,KB4016252
2017-04-03,15063.13,KB4016251
2017-03-31,15063.11,KB4016250
2017-03-29,15063.22,
2017-03-22,14393.97,KB4016635
2017-03-20,14393.969,KB4015438
2017-03-14,14393.963,KB4013429
2017-03-14,10586.839,KB4013198
2017-03-14,10240.17319,KB4012606
2017-01-24,14393.726,KB3216755
2017-01-10,14393.693,KB3213986
2017-01-10,10586.753,KB3210721
2017-01-10,10240.17236,KB3210720
2017-01-03,14393.594,KB3209835
2016-12-13,14393.576,KB3206632
2016-12-13,10586.713,KB3205386
2016-12-13,10240.17202,KB3205383
2016-11-29,14393.479,KB3201845
2016-11-09,14393.448,KB3200970
2016-11-08,14393.447,KB3200970
2016-10-27,14393.351,KB3197954
2016-10-11,14393.321,KB3194798
2016-10-11,10586.633,KB3192441
2016-10-11,10240.17146,KB3192440
2016-09-29,14393.222,KB3194496
2016-09-20,14393.187 and 14393.189,KB3193494
2016-09-20,10240.17113,KB3193821
2016-09-13,14393.187 and 14393.189,KB3189866
2016-09-13,10586.589,KB3185614
2016-09-13,10240.17113,KB3185611
2016-08-31,14393.105,KB3176938
2016-08-23,14393.82,KB3176934
2016-08-09,14393.51,KB3176495
2016-08-09,10586.545,KB3176493
2016-08-09,10240.17071,KB3176492
2016-08-02,14393.1,KB3176929
2016-07-12,10586.494,KB3172985
2016-07-12,10240.17024,KB3163912
2016-06-14,10586.42,KB3163018
2016-06-14,10240.16942,KB3163017
2016-05-10,10586.318,KB3156421
2016-05-10,10240.16854,KB3156387
2016-04-12,10586.218,KB3147458
2016-04-12,10240.16769,KB3147461
2016-03-08,10586.164,KB3140768
2016-03-08,10240.16725,KB3140745
2016-03-01,10586.122,KB3140743
2016-02-09,10586.104,KB3135173
2016-02-09,10240.16683,KB3135174
